경찰서이름,경찰서주소,관서
0원휴대폰 동대문경찰서사거리점,서울 동대문구 청량리동 676,0원휴대폰 동대문경찰서사거리점
G car zone 구로경찰서 앞(스페스큐브),서울 구로구 구로동 81-3,G car zone 구로경찰서 앞(스페스큐브)
GS25 혜화경찰서점,서울 종로구 인의동 28-36,GS25 혜화경찰서점
KB국민은행ATM 도봉경찰서,서울 도봉구 창동 18,KB국민은행ATM 도봉경찰서
KB국민은행ATM 동대문경찰서,서울 동대문구 청량리동 229,KB국민은행ATM 동대문경찰서
KB국민은행ATM 수서경찰서,서울 강남구 개포동 14,KB국민은행ATM 수서경찰서
가락2치안센터,서울 송파구 가락동 197-21,가락2치안센터
가락지구대,서울 송파구 가락동 37,가락지구대
가리봉파출소,서울 구로구 가리봉동 136-80,가리봉파출소
가산파출소,서울 금천구 가산동 139-2,가산파출소
가양지구대,서울 강서구 등촌동 706-1,가양지구대
가족간범죄 통합예방지원센터,서울 강북구 번동 619-34,가족간범죄 통합예방지원센터
강남경찰서교차로,서울 강남구 대치동,강남경찰서교차로
강동경찰서 개방화장실,서울 강동구 성내동 541-1,강동경찰서 개방화장실
강북경찰서 교통정보센터,서울 강북구 미아동 857-15,강북경찰서 교통정보센터
강북경찰서 본관 1층 개방화장실,서울 강북구 번동 415-15,강북경찰서 본관 1층 개방화장실
강서경찰서 개방화장실,서울 강서구 화곡동 980-27,강서경찰서 개방화장실
강서경찰서 교통정보센터,서울 강서구 등촌동 649-10,강서경찰서 교통정보센터
강서경찰서 전기차충전소,서울 강서구 화곡동 980-27,강서경찰서 전기차충전소
강일지구대 개방화장실,서울 강동구 강일동 678-3,강일지구대 개방화장실
강일파출소,서울 강동구 강일동 678-3,강일파출소
개봉3치안센터,서울 구로구 개봉동 360-4,개봉3치안센터
개봉지구대,서울 구로구 개봉동 259-1,개봉지구대
개봉치안센터,서울 구로구 개봉동 142-32,개봉치안센터
개포지구대,서울 강남구 개포동 660-1,개포지구대
개화2치안센터,서울 강서구 개화동 442-9,개화2치안센터
거여파출소,서울 송파구 거여동 602,거여파출소
경찰서구내이발관,서울 동대문구 청량리동 54-12,경찰서구내이발관
고덕파출소,서울 강동구 고덕동 494,고덕파출소
고척지구대,서울 구로구 고척동 339-3,고척지구대
곰달래지구대,서울 강서구 화곡동 776-4,곰달래지구대
공덕지구대,서울 마포구 아현동 785,공덕지구대
공항지구대,서울 강서구 방화동 620-111,공항지구대
관수파출소,서울 종로구 관철동 11-19,관수파출소
관악경찰서 주차장1,서울 관악구 봉천동 1695-5,관악경찰서 주차장1
관악경찰서 주차장2,서울 관악구 봉천동 1695-5,관악경찰서 주차장2
관악산지구대,서울 관악구 신림동 808-402,관악산지구대
광나루지구대,서울 광진구 광장동 231-1,광나루지구대
광진경찰서 개방화장실,서울 광진구 구의동 254-32,광진경찰서 개방화장실
광진경찰서 교통정보센터,서울 광진구 능동 18,광진경찰서 교통정보센터
광진경찰서 수사민원상담센터,서울 광진구 구의동 254-32,광진경찰서 수사민원상담센터
광진경찰서 외사계,서울 광진구 구의동 254-32,광진경찰서 외사계
광희지구대,서울 중구 신당동 250-10,광희지구대
교남파출소,서울 종로구 행촌동 180-17,교남파출소
교통정보센터,서울 광진구 능동 18,교통정보센터
구로1치안센터,서울 구로구 구로동 685-243,구로1치안센터
구로2치안센터,서울 구로구 구로동 704-12,구로2치안센터
구로3파출소,서울 구로구 구로동 256-1,구로3파출소
구로경찰서 교통민원실,서울 구로구 구로동 3-25,구로경찰서 교통민원실
구로경찰서 주차장1,서울 구로구 구로동 3-25,구로경찰서 주차장1
구암지구대,서울 관악구 봉천동 1718,구암지구대
구의3치안센터,서울 광진구 구의동 629,구의3치안센터
구의파출소,서울 광진구 구의동 668-2,구의파출소
구일지구대,서울 구로구 구로동 766-238,구일지구대
금천파출소,서울 금천구 시흥동 995-2,금천파출소
금호파출소,서울 성동구 금호동2가 224,금호파출소
길동지구대,서울 강동구 둔촌동 115,길동지구대
길음1치안센터,서울 성북구 길음동 1276-3,길음1치안센터
길음지구대,서울 성북구 길음동 1281-5,길음지구대
까치산지구대,서울 강서구 화곡동 901-14,까치산지구대
낙성대지구대,서울 관악구 봉천동 1620-9,낙성대지구대
난우파출소,서울 관악구 신림동 1735-6,난우파출소
남가좌파출소,서울 서대문구 남가좌동 336-21,남가좌파출소
남대문경찰서 개방화장실,서울 중구 남대문로5가 561,남대문경찰서 개방화장실
남대문경찰서 생활범죄수사팀,서울 중구 남대문로5가 567,남대문경찰서 생활범죄수사팀
남대문경찰서 여성청소년수사팀,서울 중구 남대문로5가 567,남대문경찰서 여성청소년수사팀
남대문경찰서 정보화장비계,서울 중구 남대문로5가 567,남대문경찰서 정보화장비계
남대문경찰서 종합상황실,서울 중구 남대문로5가 567,남대문경찰서 종합상황실
남대문파출소,서울 중구 남창동 51-1,남대문파출소
남태령지구대,서울 서초구 방배동 442-4,남태령지구대
남현파출소,서울 관악구 남현동 1086-1,남현파출소
내곡파출소,서울 서초구 내곡동 404,내곡파출소
노고산치안센터,서울 마포구 노고산동 57-66,노고산치안센터
노량진지구대,서울 동작구 대방동 43-2,노량진지구대
노원경찰서 경무과 개방화장실,서울 노원구 하계동 250,노원경찰서 경무과 개방화장실
노원경찰서 교통센터,서울 노원구 하계동 273-1,노원경찰서 교통센터
노원경찰서 당현지구대 개방화장실,서울 노원구 중계동 511,노원경찰서 당현지구대 개방화장실
노원경찰서 마들지구대 개방화장실,서울 노원구 상계동 681,노원경찰서 마들지구대 개방화장실
노원경찰서 불암지구대 개방화장실,서울 노원구 중계동 359-6,노원경찰서 불암지구대 개방화장실
노원경찰서 월계지구대 개방화장실,서울 노원구 월계동 320-5,노원경찰서 월계지구대 개방화장실
노원경찰서 화랑지구대 개방화장실,서울 노원구 공릉동 567-18,노원경찰서 화랑지구대 개방화장실
노원경찰서교차로,서울 노원구 하계동 288-6,노원경찰서교차로
노원역지구대,서울 노원구 상계동 720-5,노원역지구대
녹번파출소,서울 은평구 녹번동 115-27,녹번파출소
논현1파출소,서울 강남구 논현동 58-13,논현1파출소
논현2파출소,서울 강남구 논현동 89-13,논현2파출소
답십리1치안센터,서울 동대문구 답십리동 530-24,답십리1치안센터
답십리지구대,서울 동대문구 답십리동 1004-1,답십리지구대
당고개파출소,서울 노원구 상계동 117-8,당고개파출소
당곡지구대,서울 관악구 봉천동 969-14,당곡지구대
당산지구대,서울 영등포구 당산동5가 15,당산지구대
당현지구대,서울 노원구 중계동 511,당현지구대
대림3파출소,서울 영등포구 대림동 775-2,대림3파출소
대림지구대,서울 영등포구 대림동 706-8,대림지구대
대방파출소,서울 동작구 대방동 417-4,대방파출소
대왕파출소,서울 강남구 세곡동 120-9,대왕파출소
대조파출소,서울 은평구 대조동 33-54,대조파출소
대치지구대,서울 강남구 대치동 598,대치지구대
대학로파출소,서울 종로구 동숭동 201-10,대학로파출소
도곡지구대,서울 강남구 역삼동 711,도곡지구대
도림치안센터,서울 영등포구 도림동 133-1,도림치안센터
도봉1파출소,서울 도봉구 도봉동 594-24,도봉1파출소
도봉2파출소,서울 도봉구 도봉동 69-2,도봉2파출소
도봉경찰서 민원봉사실,서울 도봉구 창동 18,도봉경찰서 민원봉사실
도봉경찰서교차로,서울 도봉구 창동,도봉경찰서교차로
독산파출소,서울 금천구 독산동 1006-96,독산파출소
돈암지구대,서울 성북구 돈암동 630-5,돈암지구대
동교치안센터,서울 마포구 동교동 179-37,동교치안센터
동대문경찰서 교차로 대여소,서울 동대문구 청량리동 317,동대문경찰서 교차로 대여소
동대문경찰서 교통센터,서울 동대문구 용두동 255-47,동대문경찰서 교통센터
동대문경찰서교차로,서울 동대문구 청량리동,동대문경찰서교차로
동묘파출소,서울 종로구 숭인동 242-7,동묘파출소
둔촌파출소,서울 강동구 둔촌동 170-1,둔촌파출소
등촌2파출소,서울 강서구 등촌동 513-6,등촌2파출소
뚝섬치안센터,서울 성동구 성수동1가 685-580,뚝섬치안센터
마곡지구대,서울 강서구 마곡동 737-19,마곡지구대
마들지구대,서울 노원구 상계동 681,마들지구대
마천파출소,서울 송파구 마천동 127-8,마천파출소
마포경찰서 개방화장실,서울 마포구 아현동 618-1,마포경찰서 개방화장실
망우지구대,서울 중랑구 망우동 489-7,망우지구대
망원2치안센터,서울 마포구 망원동 471-22,망원2치안센터
망원파출소,서울 마포구 망원동 398-1,망원파출소
먹골파출소,서울 중랑구 묵동 120,먹골파출소
메가MGC커피 종로혜화경찰서점,서울 종로구 연지동 203,메가MGC커피 종로혜화경찰서점
면목본동파출소,서울 중랑구 면목동 71-24,면목본동파출소
면목삼팔파출소,서울 중랑구 면목동 1508-3,면목삼팔파출소
명동파출소,서울 중구 명동2가 50-13,명동파출소
명륜파출소,서울 종로구 명륜1가 27-55,명륜파출소
명일파출소,서울 강동구 명일동 47-30,명일파출소
명일파출소 개방화장실,서울 강동구 명일동 47-30,명일파출소 개방화장실
목2지구대,서울 양천구 목동 657-23,목2지구대
무인민원발급창구 동대문경찰서 민원봉사실,서울 동대문구 청량리동 229,무인민원발급창구 동대문경찰서 민원봉사실
무인민원발급창구 종암경찰서,서울 성북구 종암동 3-1260,무인민원발급창구 종암경찰서
무인민원발급창구 중랑경찰서,서울 중랑구 신내동 810,무인민원발급창구 중랑경찰서
문래지구대,서울 영등포구 문래동3가 54-2,문래지구대
문성지구대,서울 금천구 독산동 191-2,문성지구대
문정지구대,서울 송파구 장지동 841,문정지구대
미성파출소,서울 관악구 신림동 1566-34,미성파출소
미아지구대,서울 강북구 미아동 327-1,미아지구대
반포지구대,서울 서초구 반포동 19-13,반포지구대
발산지구대,서울 강서구 내발산동 748-5,발산지구대
방배1파출소,서울 서초구 방배동 924-2,방배1파출소
방배4치안센터,서울 서초구 방배동 821-1,방배4치안센터
방배경찰서 개방화장실,서울 서초구 방배동 455-10,방배경찰서 개방화장실
방이지구대,서울 송파구 방이동 204-8,방이지구대
방학2치안센터,서울 도봉구 방학동 306-41,방학2치안센터
방학파출소,서울 도봉구 방학동 687-3,방학파출소
방화3파출소,서울 강서구 방화동 822,방화3파출소
백산지구대,서울 금천구 시흥동 244-38,백산지구대
번3파출소,서울 강북구 번동 242-6,번3파출소
번동파출소,서울 강북구 번동 410-23,번동파출소
보광파출소,서울 용산구 보광동 223-5,보광파출소
봉화지구대,서울 중랑구 신내동 644-3,봉화지구대
북가좌파출소,서울 서대문구 북가좌동 310-2,북가좌파출소
북아현치안센터,서울 서대문구 북아현동 176-53,북아현치안센터
불광1치안센터,서울 은평구 불광동 13-33,불광1치안센터
불광지구대,서울 은평구 불광동 423-13,불광지구대
불암지구대,서울 노원구 중계동 359-6,불암지구대
사당지구대,서울 동작구 사당동 1021-45,사당지구대
사직파출소,서울 종로구 필운동 139-1,사직파출소
삼각지파출소,서울 용산구 한강로1가 16,삼각지파출소
삼선치안센터,서울 성북구 삼선동3가 68-6,삼선치안센터
삼성1파출소,서울 강남구 삼성동 107-3,삼성1파출소
삼성2파출소,서울 강남구 삼성동 35,삼성2파출소
삼성동자율방범초소,서울 관악구 신림동 808-653,삼성동자율방범초소
삼양파출소,서울 강북구 미아동 867-128,삼양파출소
삼전지구대,서울 송파구 삼전동 62-3,삼전지구대
삼청파출소,서울 종로구 팔판동 56,삼청파출소
상계1파출소,서울 노원구 상계동 1261,상계1파출소
상도2치안센터,서울 동작구 상도동 364-36,상도2치안센터
상도지구대,서울 동작구 상도동 901,상도지구대
상림치안센터,서울 은평구 진관동 15-13,상림치안센터
상봉파출소,서울 중랑구 면목동 198-1,상봉파출소
상암파출소,서울 마포구 상암동 1614,상암파출소
상일파출소,서울 강동구 상일동 520-2,상일파출소
서강지구대,서울 마포구 창전동 402-59,서강지구대
서대문경찰서 112치안종합상황실,서울 서대문구 충정로3가 63-1,서대문경찰서 112치안종합상황실
서대문경찰서 교통정보센터,서울 서대문구 영천동 263,서대문경찰서 교통정보센터
서대문경찰서 교통정보센터 개방화장실,서울 서대문구 영천동 263,서대문경찰서 교통정보센터 개방화장실
서래파출소,서울 서초구 반포동 16-7,서래파출소
서부경찰서 개방화장실,서울 은평구 녹번동 177-15,서부경찰서 개방화장실
서소문파출소,서울 중구 서소문동 24,서소문파출소
서울 강동경찰서 1F 전기차충전소,서울 강동구 성내동 541-1,서울 강동경찰서 1F 전기차충전소
서울 강동경찰서 B2F 전기차충전소,서울 강동구 성내동 541-1,서울 강동경찰서 B2F 전기차충전소
서울 강동경찰서 전기차충전소,서울 강동구 성내동 541-1,서울 강동경찰서 전기차충전소
서울강남경찰서,서울 강남구 대치동 998,서울강남경찰서
서울강남경찰서 112종합상황실,서울 강남구 대치동 998,서울강남경찰서 112종합상황실
서울강남경찰서 교통정보센터,서울 강남구 대치동 998,서울강남경찰서 교통정보센터
서울강남경찰서 구내식당,서울 강남구 대치동 998,서울강남경찰서 구내식당
서울강남경찰서 민원실,서울 강남구 대치동 998,서울강남경찰서 민원실
서울강남경찰서 전기차충전소,서울 강남구 대치동 998,서울강남경찰서 전기차충전소
서울강남경찰서 주차장,서울 강남구 대치동 998,서울강남경찰서 주차장
서울강동경찰서,서울 강동구 성내동 541-1,서울강동경찰서
서울강동경찰서 교통정보센터,서울 강동구 성내동 541-1,서울강동경찰서 교통정보센터
서울강동경찰서 민원실,서울 강동구 성내동 541-1,서울강동경찰서 민원실
서울강북경찰서,서울 강북구 번동 415-15,서울강북경찰서
서울강북경찰서 전기차충전소,서울 강북구 번동 415-15,서울강북경찰서 전기차충전소
서울강북경찰서 통합민원실,서울 강북구 번동 415-15,서울강북경찰서 통합민원실
서울강서경찰서,서울 강서구 화곡동 980-27,서울강서경찰서
서울강서경찰서 민원실,서울 강서구 화곡동 980-27,서울강서경찰서 민원실
서울강서경찰서 전기차충전소,서울 강서구 화곡동 980-27,서울강서경찰서 전기차충전소
서울강서경찰서 주차장,서울 강서구 화곡동 980-27,서울강서경찰서 주차장
서울관악경찰서,서울 관악구 봉천동 1695-5,서울관악경찰서
서울관악경찰서 교통센터,서울 관악구 봉천동 1591-2,서울관악경찰서 교통센터
서울관악경찰서 민원봉사실,서울 관악구 봉천동 1695-5,서울관악경찰서 민원봉사실
서울관악경찰서 신림지구대 서원동자율방범대,서울 관악구 신림동 808-408,서울관악경찰서 신림지구대 서원동자율방범대
서울관악경찰서 전기차충전소,서울 관악구 봉천동 1695-5,서울관악경찰서 전기차충전소
서울광진경찰서,서울 광진구 구의동 254-32,서울광진경찰서
서울광진경찰서 종합민원실,서울 광진구 구의동 254-32,서울광진경찰서 종합민원실
서울구로경찰서 교통센터,서울 구로구 구로동 685-218,서울구로경찰서 교통센터
서울구로경찰서 민원실,서울 구로구 구로동 3-25,서울구로경찰서 민원실
서울구로경찰서 신청사 (2026년 4월 예정),서울 구로구 구로동 436,서울구로경찰서 신청사 (2026년 4월 예정)
서울구로경찰서 임시청사,서울 구로구 구로동 3-25,서울구로경찰서 임시청사
서울금천경찰서,서울 금천구 시흥동 1030,서울금천경찰서
서울금천경찰서 교통안전교통정보센터,서울 금천구 시흥동 1030,서울금천경찰서 교통안전교통정보센터
서울금천경찰서 민원봉사실,서울 금천구 시흥동 1030,서울금천경찰서 민원봉사실
서울금천경찰서 여성청소년계,서울 금천구 시흥동 1030,서울금천경찰서 여성청소년계
서울남대문경찰서,서울 중구 남대문로5가 561,서울남대문경찰서
서울남대문경찰서 경리계,서울 중구 남대문로5가 561,서울남대문경찰서 경리계
서울남대문경찰서 교통민원실,서울 중구 남대문로5가 561,서울남대문경찰서 교통민원실
서울남대문경찰서 교통정보센터,서울 중구 남대문로5가 561,서울남대문경찰서 교통정보센터
서울노원경찰서,서울 노원구 하계동 250,서울노원경찰서
서울노원경찰서 민원봉사실,서울 노원구 하계동 250,서울노원경찰서 민원봉사실
서울도봉경찰서,서울 도봉구 창동 17,서울도봉경찰서
서울도봉경찰서 교통정보센터,서울 도봉구 창동 18,서울도봉경찰서 교통정보센터
서울동대문경찰서,서울 동대문구 청량리동 229,서울동대문경찰서
서울동대문경찰서 민원실,서울 동대문구 청량리동 229,서울동대문경찰서 민원실
서울동작경찰서,서울 동작구 노량진동 72-35,서울동작경찰서
서울동작경찰서 교통정보센터,서울 동작구 본동 258-1,서울동작경찰서 교통정보센터
서울동작경찰서 남성지구대,서울 동작구 동작동 102,서울동작경찰서 남성지구대
서울동작경찰서 민원봉사실,서울 동작구 노량진동 72-35,서울동작경찰서 민원봉사실
서울마포경찰서,서울 마포구 아현동 618-1,서울마포경찰서
서울마포경찰서 교통정보센터,서울 마포구 공덕동 456,서울마포경찰서 교통정보센터
서울마포경찰서 전기차충전소,서울 마포구 아현동 618-1,서울마포경찰서 전기차충전소
서울방배경찰서 (2025년 예정),서울 서초구 방배동 455-10,서울방배경찰서 (2025년 예정)
서울방배경찰서 교통센터,서울 서초구 방배동 443-12,서울방배경찰서 교통센터
서울방배경찰서 임시청사,서울 서초구 방배동 765-14,서울방배경찰서 임시청사
서울방배경찰서 종합민원실,서울 서초구 방배동 765-14,서울방배경찰서 종합민원실
서울서대문경찰서,서울 서대문구 충정로3가 63-1,서울서대문경찰서
서울서대문경찰서 민원인주차장,서울 서대문구 충정로3가 63-1,서울서대문경찰서 민원인주차장
서울서부경찰서,서울 은평구 녹번동 177-15,서울서부경찰서
서울서부경찰서 교통정보센터,서울 은평구 녹번동 177-15,서울서부경찰서 교통정보센터
서울서부경찰서 전기차충전소,서울 은평구 녹번동 177-15,서울서부경찰서 전기차충전소
서울서초경찰서 경비실,서울 서초구 서초동 1726-1,서울서초경찰서 경비실
서울성동경찰서,서울 성동구 행당동 192-8,서울성동경찰서
서울성동경찰서 교통정보센터,서울 성동구 행당동 196-25,서울성동경찰서 교통정보센터
서울성동경찰서 민원봉사실,서울 성동구 행당동 192-8,서울성동경찰서 민원봉사실
서울성북경찰서,서울 성북구 삼선동5가 301,서울성북경찰서
서울성북경찰서 민원실,서울 성북구 삼선동5가 301,서울성북경찰서 민원실
서울송파경찰서,서울 송파구 가락동 9,서울송파경찰서
서울숲지구대,서울 성동구 성수동2가 344-7,서울숲지구대
서울시 금천구 금천경찰서 전기차충전소,서울 금천구 시흥동 1030,서울시 금천구 금천경찰서 전기차충전소
서울시 도봉구 도봉경찰서 전기차충전소,서울 도봉구 창동 18,서울시 도봉구 도봉경찰서 전기차충전소
서울시 동대문구 동대문경찰서 전기차충전소,서울 동대문구 청량리동 229,서울시 동대문구 동대문경찰서 전기차충전소
서울시 송파구 송파경찰서 전기차충전소,서울 송파구 가락동 9,서울시 송파구 송파경찰서 전기차충전소
서울시 은평구 은평경찰서 전기차충전소,서울 은평구 불광동 산 24,서울시 은평구 은평경찰서 전기차충전소
서울시 중랑구 중랑경찰서 전기차충전소,서울 중랑구 신내동 810,서울시 중랑구 중랑경찰서 전기차충전소
서울양천경찰서,서울 양천구 신정동 321,서울양천경찰서
서울양천경찰서 민원봉사실,서울 양천구 신정동 321,서울양천경찰서 민원봉사실
서울양천경찰서 주차장,서울 양천구 신정동 321,서울양천경찰서 주차장
서울역파출소,서울 중구 봉래동2가 122-17,서울역파출소
서울영등포경찰서,서울 영등포구 당산동3가 2-11,서울영등포경찰서
서울용산경찰서,서울 용산구 원효로1가 12-12,서울용산경찰서
서울용산경찰서 개방화장실,서울 용산구 원효로1가 12-12,서울용산경찰서 개방화장실
서울용산경찰서 교통정보센터,서울 용산구 원효로1가 25,서울용산경찰서 교통정보센터
서울용산경찰서 자율방범연합대,서울 용산구 원효로3가 46-4,서울용산경찰서 자율방범연합대
서울용산경찰서 종합민원봉사실,서울 용산구 원효로1가 12-12,서울용산경찰서 종합민원봉사실
서울은평경찰서,서울 은평구 불광동 산 24,서울은평경찰서
서울은평경찰서 교통정보센터,서울 은평구 진관동 91-1,서울은평경찰서 교통정보센터
서울종로2가우체국,서울 종로구 종로2가 39-2,서울종로2가우체국
서울종로경찰서,서울 종로구 공평동 1,서울종로경찰서
서울종로경찰서 민원봉사실,서울 종로구 공평동 1,서울종로경찰서 민원봉사실
서울종로경찰서 종합민원실,서울 종로구 공평동 1,서울종로경찰서 종합민원실
서울종암경찰서,서울 성북구 종암동 3-1260,서울종암경찰서
서울종암경찰서 종암교통센터,서울 성북구 종암동 25-47,서울종암경찰서 종암교통센터
서울중랑경찰서,서울 중랑구 신내동 810,서울중랑경찰서
서울중랑경찰서 교통정보센터,서울 중랑구 묵동 250-4,서울중랑경찰서 교통정보센터
서울중랑경찰서 민원실,서울 중랑구 신내동 810,서울중랑경찰서 민원실
서울중부경찰서,서울 중구 회현동1가 210,서울중부경찰서
서울중부경찰서 교통정보센터,서울 중구 충무로5가 20-43,서울중부경찰서 교통정보센터
서울중부경찰서 민원봉사실,서울 중구 회현동1가 210,서울중부경찰서 민원봉사실
서울중부경찰서 역사박물관,서울 중구 저동2가 62-1,서울중부경찰서 역사박물관
서울혜화경찰서,서울 종로구 숭인동 165,서울혜화경찰서
서울혜화경찰서 교통민원실,서울 종로구 숭인동 165,서울혜화경찰서 교통민원실
서울혜화경찰서 교통센터,서울 종로구 원남동 96-7,서울혜화경찰서 교통센터
서울혜화경찰서 민원봉사실,서울 종로구 숭인동 165,서울혜화경찰서 민원봉사실
서울혜화경찰서 숭일교통센터,서울 종로구 숭인동 53-29,서울혜화경찰서 숭일교통센터
서원치안센터,서울 관악구 신림동 1637-24,서원치안센터
서초2파출소,서울 서초구 서초동 1356-6,서초2파출소
서초3파출소,서울 서초구 서초동 1555-4,서초3파출소
서초경찰서,서울 서초구 서초동 1726-1,서초경찰서
서초경찰서 개방화장실,서울 서초구 서초동 1726-1,서초경찰서 개방화장실
서초경찰서 교통정보센터,서울 서초구 서초동 1726-1,서초경찰서 교통정보센터
서초경찰서 민원봉사실,서울 서초구 서초동 1726-1,서초경찰서 민원봉사실
서초경찰서 여성청소년수사팀,서울 서초구 서초동 1726-1,서초경찰서 여성청소년수사팀
서초파출소,서울 서초구 서초동 1603-16,서초파출소
석관파출소,서울 성북구 석관동 407-3,석관파출소
성내지구대,서울 강동구 성내동 541-1,성내지구대
성동경찰서 개방화장실,서울 성동구 행당동 192-8,성동경찰서 개방화장실
성북경찰서 교통정보센터,서울 성북구 동소문동3가 83,성북경찰서 교통정보센터
성북경찰서앞교차로,서울 성북구 삼선동5가,성북경찰서앞교차로
성북파출소,서울 성북구 성북동 66-23,성북파출소
성수지구대,서울 성동구 성수동2가 299-240,성수지구대
세검정파출소,서울 종로구 홍지동 95-1,세검정파출소
세종로파출소,서울 중구 태평로1가 68-1,세종로파출소
솔샘지구대,서울 강북구 미아동 860-146,솔샘지구대
송중동33통자율방범초소,서울 강북구 미아동 산 25-67,송중동33통자율방범초소
송파1치안센터,서울 송파구 송파동 113-1,송파1치안센터
송파경찰서 개방화장실,서울 송파구 가락동 9,송파경찰서 개방화장실
송파경찰서 교통정보센터,서울 송파구 잠실동 35-5,송파경찰서 교통정보센터
송파경찰서교차로,서울 송파구 가락동,송파경찰서교차로
송파위례파출소,서울 송파구 장지동 889,송파위례파출소
수서경찰서,서울 강남구 개포동 14,수서경찰서
수서경찰서 교통정보센터,서울 강남구 개포동 14,수서경찰서 교통정보센터
수서경찰서 전기차충전소,서울 강남구 개포동 14,수서경찰서 전기차충전소
수서경찰서교차로,서울 강남구 일원동 700-3,수서경찰서교차로
수서경찰서어린이집,서울 강남구 개포동 14,수서경찰서어린이집
수서파출소,서울 강남구 수서동 718-1,수서파출소
수유1파출소,서울 강북구 수유동 605-409,수유1파출소
수유2파출소,서울 강북구 수유동 605-512,수유2파출소
수유3파출소,서울 강북구 수유동 166-75,수유3파출소
수유6치안센터,서울 강북구 수유동 605-472,수유6치안센터
숭미파출소,서울 도봉구 쌍문동 349-34,숭미파출소
스타벅스 마포경찰서후문점,서울 마포구 아현동 618-19,스타벅스 마포경찰서후문점
시흥3치안센터,서울 금천구 시흥동 985-26,시흥3치안센터
시흥본치안센터,서울 금천구 시흥동 841,시흥본치안센터
신구로지구대,서울 구로구 구로동 569-3,신구로지구대
신길3치안센터,서울 영등포구 신길동 4956,신길3치안센터
신길지구대,서울 영등포구 신길동 4203-1,신길지구대
신당파출소,서울 중구 신당동 100-1,신당파출소
신대방2동주민센터,서울 동작구 신대방동 723,신대방2동주민센터
신대방지구대,서울 동작구 신대방동 719-2,신대방지구대
신도림치안센터,서울 구로구 신도림동 390-68,신도림치안센터
신도치안센터,서울 은평구 진관동 208-18,신도치안센터
신림지구대,서울 관악구 신림동 10-484,신림지구대
신문로파출소,서울 종로구 신문로1가 58-16,신문로파출소
신방학파출소,서울 도봉구 방학동 498-12,신방학파출소
신사지구대,서울 은평구 신사동 184-56,신사지구대
신사파출소,서울 강남구 신사동 539-13,신사파출소
신월1파출소,서울 양천구 신월동 132-3,신월1파출소
신월2지구대,서울 양천구 신월동 987,신월2지구대
신월5파출소,서울 양천구 신월동 59-5,신월5파출소
신정1지구대,서울 양천구 신정동 1021-8,신정1지구대
신정2지구대,서울 양천구 신정동 997-3,신정2지구대
신정3파출소,서울 양천구 신정동 1264,신정3파출소
신정7치안센터,서울 양천구 신정동 330-11,신정7치안센터
신창파출소,서울 도봉구 창동 647-10,신창파출소
신천파출소,서울 송파구 신천동 20-5,신천파출소
신촌지구대,서울 서대문구 대현동 27-14,신촌지구대
신풍지구대,서울 영등포구 신길동 3741-23,신풍지구대
쌍문1동 자율방범대 방범초소,서울 도봉구 쌍문동 434-8,쌍문1동 자율방범대 방범초소
쌍문파출소,서울 도봉구 쌍문동 43-3,쌍문파출소
아현동 마포경찰서 전기차충전소,서울 마포구 아현동 618-1,아현동 마포경찰서 전기차충전소
안암지구대,서울 성북구 보문동3가 1-1,안암지구대
암사지구대,서울 강동구 암사동 414-19,암사지구대
압구정파출소,서울 강남구 압구정동 483,압구정파출소
약수지구대,서울 중구 신당동 844-3,약수지구대
양재파출소,서울 서초구 양재동 1-3,양재파출소
양천경찰서 목1지구대,서울 양천구 목동 907-3,양천경찰서 목1지구대
양천경찰서교차로,서울 양천구 신정동,양천경찰서교차로
양천경찰서상조회,서울 양천구 신정동 321,양천경찰서상조회
양평파출소,서울 영등포구 양평동1가 164-22,양평파출소
여의도지구대,서울 영등포구 여의도동 2,여의도지구대
역삼지구대,서울 강남구 역삼동 687-10,역삼지구대
역촌1치안센터,서울 은평구 역촌동 23-34,역촌1치안센터
역촌파출소,서울 은평구 역촌동 62-26,역촌파출소
연남파출소,서울 마포구 연남동 373-20,연남파출소
연신내지구대,서울 은평구 갈현동 506-45,연신내지구대
연희파출소,서울 서대문구 연희동 86-12,연희파출소
염창지구대,서울 강서구 염창동 217-2,염창지구대
영등포경찰서 교통정보센터,서울 영등포구 영등포동6가 15-2,영등포경찰서 교통정보센터
영등포경찰서 구내식당,서울 영등포구 당산동3가 2-11,영등포경찰서 구내식당
영등포경찰서 민원실,서울 영등포구 당산동3가 2-11,영등포경찰서 민원실
영등포경찰서 전기차충전소,서울 영등포구 당산동3가 2-11,영등포경찰서 전기차충전소
영등포경찰서교차로,서울 영등포구 영등포동7가,영등포경찰서교차로
영등포경찰서어린이집,서울 영등포구 양평동6가 12-2,영등포경찰서어린이집
영등포역파출소,서울 영등포구 영등포동 618-501,영등포역파출소
오금파출소,서울 송파구 오금동 41-19,오금파출소
오류지구대,서울 구로구 오류동 81-130,오류지구대
옥수파출소,서울 성동구 옥수동 561,옥수파출소
옥인파출소,서울 종로구 옥인동 45-16,옥인파출소
왕십리파출소,서울 성동구 홍익동 102-1,왕십리파출소
용강지구대,서울 마포구 용강동 503,용강지구대
용답파출소,서울 성동구 용답동 83-5,용답파출소
용마지구대,서울 중랑구 면목동 176-2,용마지구대
용산역파출소 개방화장실,서울 용산구 한강로1가 16,용산역파출소 개방화장실
용산치안센터,서울 용산구 용산동2가 11-13,용산치안센터
용신지구대,서울 동대문구 용두동 696-10,용신지구대
용중지구대,서울 용산구 후암동 244-103,용중지구대
용중지구대 개방화장실,서울 용산구 후암동 244-103,용중지구대 개방화장실
용중지구대용산치안센터 개방화장실,서울 용산구 용산동2가 11-15,용중지구대용산치안센터 개방화장실
우면치안센터,서울 서초구 우면동 69,우면치안센터
우면파출소,서울 서초구 우면동 768,우면파출소
우이치안센터,서울 강북구 우이동 16-27,우이치안센터
원효지구대,서울 용산구 원효로1가 25,원효지구대
원효지구대 개방화장실,서울 용산구 원효로1가 25-3,원효지구대 개방화장실
월계지구대,서울 노원구 월계동 320-5,월계지구대
월곡지구대,서울 성북구 하월곡동 90-1152,월곡지구대
월드컵지구대,서울 마포구 성산동 602,월드컵지구대
은평경찰서 개방화장실,서울 은평구 불광동 산 24,은평경찰서 개방화장실
을지로3가파출소,서울 중구 을지로3가 291-50,을지로3가파출소
을지지구대,서울 중구 충무로5가 20-43,을지지구대
응봉파출소,서울 성동구 응봉동 275-8,응봉파출소
응암3파출소,서울 은평구 응암동 576-43,응암3파출소
응암지구대,서울 은평구 응암동 84-8,응암지구대
이문지구대,서울 동대문구 이문동 92-1,이문지구대
이수파출소,서울 서초구 방배동 774-9,이수파출소
이촌치안센터,서울 용산구 이촌동 301-82,이촌치안센터
이태원지구대 개방화장실,서울 용산구 이태원동 127-10,이태원지구대 개방화장실
이태원파출소,서울 용산구 이태원동 127-10,이태원파출소
인수파출소,서울 강북구 수유동 410-342,인수파출소
일원지구대,서울 강남구 개포동 189,일원지구대
자양1파출소,서울 광진구 자양동 799-2,자양1파출소
자양2치안센터,서울 광진구 자양동 669-2,자양2치안센터
자양4파출소,서울 광진구 자양동 55-12,자양4파출소
자양파출소,서울 광진구 자양동 553-632,자양파출소
잠실지구대,서울 송파구 잠실동 19,잠실지구대
장안1파출소,서울 동대문구 장안동 164-10,장안1파출소
장안2파출소,서울 동대문구 장안동 329-5,장안2파출소
장안3치안센터,서울 동대문구 장안동 354-9,장안3치안센터
장위2치안센터,서울 성북구 장위동 272-74,장위2치안센터
장위지구대,서울 성북구 장위동 275-18,장위지구대
장충파출소,서울 중구 장충동2가 197-34,장충파출소
전농1파출소,서울 동대문구 전농동 650-1,전농1파출소
전농2파출소,서울 동대문구 전농동 103-570,전농2파출소
정릉2파출소,서울 성북구 정릉동 966-174,정릉2파출소
정릉파출소,서울 성북구 정릉동 239-3,정릉파출소
제기파출소,서울 동대문구 제기동 287-33,제기파출소
종로2가지구대,서울 종로구 종로2가 39-3,종로2가지구대
종로3가치안센터,서울 종로구 묘동 59-5,종로3가치안센터
종로5가파출소,서울 종로구 종로5가 138-1,종로5가파출소
종로경찰서 동십자각 교통센터,서울 종로구 중학동 14-1,종로경찰서 동십자각 교통센터
종암파출소,서울 성북구 종암동 80-9,종암파출소
중곡1파출소,서울 광진구 중곡동 165-6,중곡1파출소
중곡2파출소,서울 광진구 중곡동 47-33,중곡2파출소
중곡3파출소,서울 광진구 중곡동 684,중곡3파출소
중곡4파출소,서울 광진구 중곡동 18-144,중곡4파출소
중랑경찰서 개방화장실,서울 중랑구 신내동 267-15,중랑경찰서 개방화장실
중랑경찰서 전기차충전소,서울 중랑구 신내동 810,중랑경찰서 전기차충전소
중랑경찰서 중랑모범운전자회,서울 중랑구 망우동 489-7,중랑경찰서 중랑모범운전자회
중랑경찰서시민경찰,서울 중랑구 면목동 1503-4,중랑경찰서시민경찰
중림파출소,서울 중구 중림동 203,중림파출소
중부경찰서 민원실 개방화장실,서울 중구 저동2가 62-1,중부경찰서 민원실 개방화장실
중부경찰서앞교차로,서울 중구 저동2가,중부경찰서앞교차로
중앙지구대,서울 영등포구 영등포동3가 18-1,중앙지구대
중화지구대,서울 중랑구 중화동 326-114,중화지구대
진관파출소,서울 은평구 진관동 산 100-23,진관파출소
창동지구대,서울 도봉구 창동 33-2,창동지구대
창신파출소,서울 종로구 창신동 23-875,창신파출소
천왕파출소,서울 구로구 천왕동 산 13-15,천왕파출소
천호지구대,서울 강동구 천호동 337-121,천호지구대
천호지구대 개방화장실,서울 강동구 천호동 337-121,천호지구대 개방화장실
청담파출소,서울 강남구 청담동 66-3,청담파출소
청량리파출소,서울 동대문구 청량리동 232-2,청량리파출소
청룡2치안센터,서울 관악구 봉천동 1733,청룡2치안센터
청파치안센터,서울 용산구 청파동3가 10-5,청파치안센터
충무파출소,서울 중구 필동1가 20-5,충무파출소
충정로지구대,서울 서대문구 옥천동 100-1,충정로지구대
컴포즈커피 혜화경찰서점,서울 종로구 연지동 209,컴포즈커피 혜화경찰서점
태평로파출소,서울 중구 다동 46,태평로파출소
통의파출소,서울 종로구 통의동 35-66,통의파출소
평창파출소,서울 종로구 평창동 273-3,평창파출소
폴웨스트카페,서울 은평구 녹번동 177-15,폴웨스트카페
풍납파출소,서울 송파구 풍납동 229-14,풍납파출소
하계1치안센터,서울 노원구 하계동 141-8,하계1치안센터
하나은행365 마포경찰서N,서울 마포구 아현동 618-1,하나은행365 마포경찰서N
한강경찰대 광나루한강치안센터,서울 강동구 천호동 485-29,한강경찰대 광나루한강치안센터
한강경찰대 뚝섬한강치안센터,서울 광진구 자양동 97-5,한강경찰대 뚝섬한강치안센터
한강경찰대 망원한강치안센터,서울 마포구 망원동 205-5,한강경찰대 망원한강치안센터
한강경찰대 이촌한강치안센터,서울 용산구 이촌동 361-1,한강경찰대 이촌한강치안센터
한강로지구대,서울 용산구 용산동5가 24,한강로지구대
한국방범기동순찰대,서울 강북구 수유동 산 127-1,한국방범기동순찰대
한남2치안센터,서울 용산구 한남동 산 10-215,한남2치안센터
한남파출소,서울 용산구 한남동 622-3,한남파출소
한양지구대,서울 성동구 행당동 11-7,한양지구대
행당파출소,서울 성동구 행당동 317-1994,행당파출소
혜화경찰서 본관 1층 개방화장실,서울 종로구 숭인동 165,혜화경찰서 본관 1층 개방화장실
혜화파출소,서울 종로구 혜화동 92-1,혜화파출소
홍은2파출소,서울 서대문구 홍은동 424,홍은2파출소
홍은파출소,서울 서대문구 홍은동 48-461,홍은파출소
홍익지구대,서울 마포구 서교동 491,홍익지구대
홍제파출소,서울 서대문구 홍제동 173-1,홍제파출소
화곡3파출소,서울 강서구 화곡동 1043-18,화곡3파출소
화곡본동치안센터,서울 강서구 화곡동 24-257,화곡본동치안센터
화곡지구대,서울 강서구 화곡동 980-27,화곡지구대
화랑지구대,서울 노원구 공릉동 567-18,화랑지구대
화양지구대,서울 광진구 화양동 122,화양지구대
회기파출소,서울 동대문구 회기동 103-46,회기파출소
회현파출소,서울 중구 회현동1가 194-15,회현파출소
효제파출소,서울 종로구 종로6가 238-16,효제파출소
휘경파출소,서울 동대문구 휘경동 43-267,휘경파출소
흑석지구대,서울 동작구 흑석동 341-6,흑석지구대
